panel,time_s,amplitude_mv
A baseline,-0.8,-0.115
A baseline,-0.796,-0.105
A baseline,-0.792,-0.09
A baseline,-0.788,-0.085
A baseline,-0.784,-0.09
A baseline,-0.78,-0.08
A baseline,-0.776,-0.06
A baseline,-0.772,-0.045
A baseline,-0.768,-0.035
A baseline,-0.764,-0.02
A baseline,-0.76,0.0
A baseline,-0.756,0.005
A baseline,-0.752,0.005
A baseline,-0.748,0.005
A baseline,-0.744,0.01
A baseline,-0.74,0.025
A baseline,-0.736,0.04
A baseline,-0.732,0.045
A baseline,-0.728,0.045
A baseline,-0.724,0.055
A baseline,-0.72,0.07
A baseline,-0.716,0.07
A baseline,-0.712,0.065
A baseline,-0.708,0.08
A baseline,-0.704,0.095
A baseline,-0.7,0.11
A baseline,-0.696,0.12
A baseline,-0.692,0.11
A baseline,-0.688,0.105
A baseline,-0.684,0.105
A baseline,-0.68,0.1
A baseline,-0.676,0.095
A baseline,-0.672,0.095
A baseline,-0.668,0.11
A baseline,-0.664,0.125
A baseline,-0.66,0.135
A baseline,-0.656,0.145
A baseline,-0.652,0.165
A baseline,-0.648,0.175
A baseline,-0.644,0.18
A baseline,-0.64,0.185
A baseline,-0.636,0.195
A baseline,-0.632,0.195
A baseline,-0.628,0.18
A baseline,-0.624,0.165
A baseline,-0.62,0.155
A baseline,-0.616,0.145
A baseline,-0.612,0.135
A baseline,-0.608,0.115
A baseline,-0.604,0.085
A baseline,-0.6,0.08
A baseline,-0.596,0.09
A baseline,-0.592,0.08
A baseline,-0.588,0.06
A baseline,-0.584,0.045
A baseline,-0.58,0.035
A baseline,-0.576,0.035
A baseline,-0.572,0.04
A baseline,-0.568,0.035
A baseline,-0.564,0.025
A baseline,-0.56,0.025
A baseline,-0.556,0.03
A baseline,-0.552,0.03
A baseline,-0.548,0.025
A baseline,-0.544,0.025
A baseline,-0.54,0.035
A baseline,-0.536,0.04
A baseline,-0.532,0.04
A baseline,-0.528,0.035
A baseline,-0.524,0.03
A baseline,-0.52,0.025
A baseline,-0.516,0.025
A baseline,-0.512,0.045
A baseline,-0.508,0.065
A baseline,-0.504,0.065
A baseline,-0.5,0.06
A baseline,-0.496,0.055
A baseline,-0.492,0.05
A baseline,-0.488,0.045
A baseline,-0.484,0.045
A baseline,-0.48,0.045
A baseline,-0.476,0.045
A baseline,-0.472,0.045
A baseline,-0.468,0.045
A baseline,-0.464,0.045
A baseline,-0.46,0.04
A baseline,-0.456,0.035
A baseline,-0.452,0.025
A baseline,-0.448,0.015
A baseline,-0.444,0.015
A baseline,-0.44,0.015
A baseline,-0.436,0.005
A baseline,-0.432,0.0
A baseline,-0.428,-0.005
A baseline,-0.424,-0.01
A baseline,-0.42,-0.02
A baseline,-0.416,-0.03
A baseline,-0.412,-0.025
A baseline,-0.408,-0.015
A baseline,-0.404,-0.02
A baseline,-0.4,-0.03
A baseline,-0.396,-0.035
A baseline,-0.392,-0.04
A baseline,-0.388,-0.04
A baseline,-0.384,-0.035
A baseline,-0.38,-0.035
A baseline,-0.376,-0.045
A baseline,-0.372,-0.055
A baseline,-0.368,-0.065
A baseline,-0.364,-0.07
A baseline,-0.36,-0.07
A baseline,-0.356,-0.06
A baseline,-0.352,-0.055
A baseline,-0.348,-0.06
A baseline,-0.344,-0.065
A baseline,-0.34,-0.065
A baseline,-0.336,-0.065
A baseline,-0.332,-0.075
A baseline,-0.328,-0.075
A baseline,-0.324,-0.055
A baseline,-0.32,-0.045
A baseline,-0.316,-0.05
A baseline,-0.312,-0.055
A baseline,-0.308,-0.065
A baseline,-0.304,-0.075
A baseline,-0.3,-0.075
A baseline,-0.296,-0.07
A baseline,-0.292,-0.065
A baseline,-0.288,-0.06
A baseline,-0.284,-0.055
A baseline,-0.28,-0.055
A baseline,-0.276,-0.055
A baseline,-0.272,-0.05
A baseline,-0.268,-0.045
A baseline,-0.264,-0.045
A baseline,-0.26,-0.045
A baseline,-0.256,-0.05
A baseline,-0.252,-0.06
A baseline,-0.248,-0.06
A baseline,-0.244,-0.055
A baseline,-0.24,-0.055
A baseline,-0.236,-0.055
A baseline,-0.232,-0.055
A baseline,-0.228,-0.06
A baseline,-0.224,-0.055
A baseline,-0.22,-0.045
A baseline,-0.216,-0.05
A baseline,-0.212,-0.06
A baseline,-0.208,-0.065
A baseline,-0.204,-0.06
A baseline,-0.2,-0.045
A baseline,-0.196,-0.035
A baseline,-0.192,-0.04
A baseline,-0.188,-0.045
A baseline,-0.184,-0.05
A baseline,-0.18,-0.055
A baseline,-0.176,-0.06
A baseline,-0.172,-0.065
A baseline,-0.168,-0.065
A baseline,-0.164,-0.06
A baseline,-0.16,-0.055
A baseline,-0.156,-0.05
A baseline,-0.152,-0.045
A baseline,-0.148,-0.035
A baseline,-0.144,-0.01
A baseline,-0.14,0.015
A baseline,-0.136,0.04
A baseline,-0.132,0.065
A baseline,-0.128,0.09
A baseline,-0.124,0.105
A baseline,-0.12,0.105
A baseline,-0.116,0.11
A baseline,-0.112,0.125
A baseline,-0.108,0.135
A baseline,-0.104,0.135
A baseline,-0.1,0.115
A baseline,-0.096,0.09
A baseline,-0.092,0.065
A baseline,-0.088,0.04
A baseline,-0.084,0.015
A baseline,-0.08,0.0
A baseline,-0.076,-0.02
A baseline,-0.072,-0.04
A baseline,-0.068,-0.06
A baseline,-0.064,-0.08
A baseline,-0.06,-0.095
A baseline,-0.056,-0.11
A baseline,-0.052,-0.115
A baseline,-0.048,-0.12
A baseline,-0.044,-0.125
A baseline,-0.04,-0.125
A baseline,-0.036,-0.125
A baseline,-0.032,-0.12
A baseline,-0.028,-0.1
A baseline,-0.024,-0.085
A baseline,-0.02,-0.09
A baseline,-0.016,-0.08
A baseline,-0.012,0.01
A baseline,-0.008,0.15
A baseline,-0.004,0.485
A baseline,0.0,0.85
A baseline,0.004,1.32
A baseline,0.008,1.725
A baseline,0.012,1.965
A baseline,0.016,1.85
A baseline,0.02,1.05
A baseline,0.024,0.325
A baseline,0.028,-0.285
A baseline,0.032,-0.68
A baseline,0.036,-0.795
A baseline,0.04,-0.855
A baseline,0.044,-0.87
A baseline,0.048,-0.78
A baseline,0.052,-0.605
A baseline,0.056,-0.455
A baseline,0.06,-0.315
A baseline,0.064,-0.255
A baseline,0.068,-0.24
A baseline,0.072,-0.235
A baseline,0.076,-0.235
A baseline,0.08,-0.225
A baseline,0.084,-0.215
A baseline,0.088,-0.215
A baseline,0.092,-0.215
A baseline,0.096,-0.205
A baseline,0.1,-0.195
A baseline,0.104,-0.195
A baseline,0.108,-0.2
A baseline,0.112,-0.19
A baseline,0.116,-0.175
A baseline,0.12,-0.17
A baseline,0.124,-0.165
A baseline,0.128,-0.15
A baseline,0.132,-0.145
A baseline,0.136,-0.155
A baseline,0.14,-0.16
A baseline,0.144,-0.15
A baseline,0.148,-0.14
A baseline,0.152,-0.135
A baseline,0.156,-0.13
A baseline,0.16,-0.115
A baseline,0.164,-0.1
A baseline,0.168,-0.095
A baseline,0.172,-0.085
A baseline,0.176,-0.065
A baseline,0.18,-0.055
A baseline,0.184,-0.055
A baseline,0.188,-0.05
A baseline,0.192,-0.04
A baseline,0.196,-0.03
A baseline,0.2,-0.02
A baseline,0.204,-0.005
A baseline,0.208,0.015
A baseline,0.212,0.025
A baseline,0.216,0.03
A baseline,0.22,0.035
A baseline,0.224,0.04
A baseline,0.228,0.05
A baseline,0.232,0.065
A baseline,0.236,0.08
A baseline,0.24,0.09
A baseline,0.244,0.095
A baseline,0.248,0.095
A baseline,0.252,0.085
A baseline,0.256,0.075
A baseline,0.26,0.085
A baseline,0.264,0.1
A baseline,0.268,0.105
A baseline,0.272,0.105
A baseline,0.276,0.11
A baseline,0.28,0.12
A baseline,0.284,0.125
A baseline,0.288,0.13
A baseline,0.292,0.15
A baseline,0.296,0.165
A baseline,0.3,0.18
A baseline,0.304,0.19
A baseline,0.308,0.185
A baseline,0.312,0.18
A baseline,0.316,0.17
A baseline,0.32,0.16
A baseline,0.324,0.145
A baseline,0.328,0.13
A baseline,0.332,0.12
A baseline,0.336,0.11
A baseline,0.34,0.1
A baseline,0.344,0.09
A baseline,0.348,0.07
A baseline,0.352,0.06
A baseline,0.356,0.05
A baseline,0.36,0.04
A baseline,0.364,0.035
A baseline,0.368,0.03
A baseline,0.372,0.02
A baseline,0.376,0.005
A baseline,0.38,0.0
A baseline,0.384,-0.005
A baseline,0.388,-0.01
A baseline,0.392,-0.01
A baseline,0.396,-0.005
A baseline,0.4,-0.005
A baseline,0.404,-0.005
A baseline,0.408,-0.005
A baseline,0.412,-0.005
A baseline,0.416,0.0
A baseline,0.42,0.01
A baseline,0.424,0.01
A baseline,0.428,0.005
A baseline,0.432,0.0
A baseline,0.436,0.0
A baseline,0.44,-0.005
A baseline,0.444,-0.005
A baseline,0.448,0.0
A baseline,0.452,0.0
A baseline,0.456,0.005
A baseline,0.46,0.01
A baseline,0.464,0.005
A baseline,0.468,0.005
A baseline,0.472,0.005
A baseline,0.476,0.005
A baseline,0.48,0.01
A baseline,0.484,0.01
A baseline,0.488,0.005
A baseline,0.492,0.005
A baseline,0.496,0.005
A baseline,0.5,0.0
A baseline,0.504,-0.01
A baseline,0.508,-0.025
A baseline,0.512,-0.03
A baseline,0.516,-0.035
A baseline,0.52,-0.045
A baseline,0.524,-0.055
A baseline,0.528,-0.055
A baseline,0.532,-0.055
A baseline,0.536,-0.055
A baseline,0.54,-0.055
A baseline,0.544,-0.07
A baseline,0.548,-0.065
A baseline,0.552,-0.05
A baseline,0.556,-0.05
A baseline,0.56,-0.065
A baseline,0.564,-0.075
A baseline,0.568,-0.075
A baseline,0.572,-0.075
A baseline,0.576,-0.075
A baseline,0.58,-0.075
A baseline,0.584,-0.08
A baseline,0.588,-0.085
A baseline,0.592,-0.085
A baseline,0.596,-0.085
A baseline,0.6,-0.09
A baseline,0.604,-0.085
A baseline,0.608,-0.075
A baseline,0.612,-0.075
A baseline,0.616,-0.08
A baseline,0.62,-0.085
A baseline,0.624,-0.085
A baseline,0.628,-0.09
A baseline,0.632,-0.09
A baseline,0.636,-0.085
A baseline,0.64,-0.085
A baseline,0.644,-0.095
A baseline,0.648,-0.105
A baseline,0.652,-0.105
A baseline,0.656,-0.1
A baseline,0.66,-0.095
A baseline,0.664,-0.095
A baseline,0.668,-0.095
A baseline,0.672,-0.09
A baseline,0.676,-0.085
A baseline,0.68,-0.085
A baseline,0.684,-0.085
A baseline,0.688,-0.085
A baseline,0.692,-0.09
A baseline,0.696,-0.09
A baseline,0.7,-0.085
A baseline,0.704,-0.085
A baseline,0.708,-0.1
A baseline,0.712,-0.095
A baseline,0.716,-0.08
A baseline,0.72,-0.075
A baseline,0.724,-0.075
A baseline,0.728,-0.08
A baseline,0.732,-0.09
A baseline,0.736,-0.09
A baseline,0.74,-0.085
A baseline,0.744,-0.085
A baseline,0.748,-0.085
A baseline,0.752,-0.09
A baseline,0.756,-0.1
A baseline,0.76,-0.105
A baseline,0.764,-0.105
A baseline,0.768,-0.105
A baseline,0.772,-0.105
A baseline,0.776,-0.095
A baseline,0.78,-0.085
A baseline,0.784,-0.08
A baseline,0.788,-0.075
A baseline,0.792,-0.055
A baseline,0.796,-0.04
A baseline,0.8,-0.015
A baseline,0.804,0.005
A baseline,0.808,0.035
A baseline,0.812,0.06
A baseline,0.816,0.05
A baseline,0.82,0.05
A baseline,0.824,0.08
A baseline,0.828,0.105
A baseline,0.832,0.105
A baseline,0.836,0.1
A baseline,0.84,0.085
A baseline,0.844,0.07
A baseline,0.848,0.06
A baseline,0.852,0.035
A baseline,0.856,-0.005
A baseline,0.86,-0.035
A baseline,0.864,-0.045
A baseline,0.868,-0.06
A baseline,0.872,-0.08
A baseline,0.876,-0.105
A baseline,0.88,-0.13
A baseline,0.884,-0.145
A baseline,0.888,-0.145
A baseline,0.892,-0.15
A baseline,0.896,-0.16
A baseline,0.9,-0.155
A baseline,0.904,-0.135
A baseline,0.908,-0.125
A baseline,0.912,-0.115
A baseline,0.916,-0.105
A baseline,0.92,-0.095
A baseline,0.924,-0.06
A baseline,0.928,-0.02
A baseline,0.932,0.215
A baseline,0.936,0.495
A baseline,0.94,0.92
A baseline,0.944,1.37
A baseline,0.948,1.755
A baseline,0.952,2.14
A baseline,0.956,1.6
A baseline,0.96,1.03
A baseline,0.964,0.21
A baseline,0.968,-0.56
A baseline,0.972,-0.705
A baseline,0.976,-0.835
A baseline,0.98,-0.865
A baseline,0.984,-0.87
A baseline,0.988,-0.72
A baseline,0.992,-0.575
A baseline,0.996,-0.45
A baseline,1.0,-0.34
A baseline,1.004,-0.28
A baseline,1.008,-0.245
A baseline,1.012,-0.245
A baseline,1.016,-0.24
A baseline,1.02,-0.235
A baseline,1.024,-0.23
A baseline,1.028,-0.22
A baseline,1.032,-0.21
A baseline,1.036,-0.2
A baseline,1.04,-0.195
A baseline,1.044,-0.195
A baseline,1.048,-0.185
A baseline,1.052,-0.175
A baseline,1.056,-0.175
A baseline,1.06,-0.175
A baseline,1.064,-0.175
A baseline,1.068,-0.175
A baseline,1.072,-0.165
A baseline,1.076,-0.155
A baseline,1.08,-0.155
A baseline,1.084,-0.155
A baseline,1.088,-0.15
A baseline,1.092,-0.145
A baseline,1.096,-0.145
A baseline,1.1,-0.145
A baseline,1.104,-0.13
A baseline,1.108,-0.115
A baseline,1.112,-0.1
A baseline,1.116,-0.085
A baseline,1.12,-0.075
A baseline,1.124,-0.065
A baseline,1.128,-0.055
A baseline,1.132,-0.05
A baseline,1.136,-0.04
A baseline,1.14,-0.03
A baseline,1.144,-0.025
A baseline,1.148,-0.02
A baseline,1.152,-0.005
A baseline,1.156,0.005
A baseline,1.16,0.01
A baseline,1.164,0.015
A baseline,1.168,0.03
A baseline,1.172,0.05
A baseline,1.176,0.07
A baseline,1.18,0.08
A baseline,1.184,0.07
A baseline,1.188,0.06
A baseline,1.192,0.055
A baseline,1.196,0.055
A ischemic,-0.8,-0.105
A ischemic,-0.796,-0.1
A ischemic,-0.792,-0.085
A ischemic,-0.788,-0.07
A ischemic,-0.784,-0.05
A ischemic,-0.78,-0.04
A ischemic,-0.776,-0.035
A ischemic,-0.772,-0.035
A ischemic,-0.768,-0.035
A ischemic,-0.764,-0.02
A ischemic,-0.76,-0.005
A ischemic,-0.756,-0.005
A ischemic,-0.752,-0.005
A ischemic,-0.748,0.0
A ischemic,-0.744,0.0
A ischemic,-0.74,0.005
A ischemic,-0.736,0.01
A ischemic,-0.732,0.01
A ischemic,-0.728,0.005
A ischemic,-0.724,0.005
A ischemic,-0.72,0.01
A ischemic,-0.716,0.015
A ischemic,-0.712,0.015
A ischemic,-0.708,0.015
A ischemic,-0.704,0.015
A ischemic,-0.7,0.025
A ischemic,-0.696,0.035
A ischemic,-0.692,0.05
A ischemic,-0.688,0.065
A ischemic,-0.684,0.08
A ischemic,-0.68,0.095
A ischemic,-0.676,0.11
A ischemic,-0.672,0.125
A ischemic,-0.668,0.13
A ischemic,-0.664,0.135
A ischemic,-0.66,0.135
A ischemic,-0.656,0.13
A ischemic,-0.652,0.125
A ischemic,-0.648,0.12
A ischemic,-0.644,0.115
A ischemic,-0.64,0.115
A ischemic,-0.636,0.115
A ischemic,-0.632,0.105
A ischemic,-0.628,0.09
A ischemic,-0.624,0.075
A ischemic,-0.62,0.065
A ischemic,-0.616,0.055
A ischemic,-0.612,0.045
A ischemic,-0.608,0.045
A ischemic,-0.604,0.045
A ischemic,-0.6,0.04
A ischemic,-0.596,0.035
A ischemic,-0.592,0.04
A ischemic,-0.588,0.05
A ischemic,-0.584,0.045
A ischemic,-0.58,0.035
A ischemic,-0.576,0.04
A ischemic,-0.572,0.05
A ischemic,-0.568,0.05
A ischemic,-0.564,0.045
A ischemic,-0.56,0.04
A ischemic,-0.556,0.035
A ischemic,-0.552,0.035
A ischemic,-0.548,0.04
A ischemic,-0.544,0.04
A ischemic,-0.54,0.035
A ischemic,-0.536,0.04
A ischemic,-0.532,0.045
A ischemic,-0.528,0.045
A ischemic,-0.524,0.04
A ischemic,-0.52,0.035
A ischemic,-0.516,0.035
A ischemic,-0.512,0.04
A ischemic,-0.508,0.04
A ischemic,-0.504,0.03
A ischemic,-0.5,0.025
A ischemic,-0.496,0.025
A ischemic,-0.492,0.02
A ischemic,-0.488,0.015
A ischemic,-0.484,0.01
A ischemic,-0.48,0.0
A ischemic,-0.476,-0.005
A ischemic,-0.472,-0.005
A ischemic,-0.468,-0.005
A ischemic,-0.464,-0.01
A ischemic,-0.46,-0.015
A ischemic,-0.456,-0.02
A ischemic,-0.452,-0.025
A ischemic,-0.448,-0.025
A ischemic,-0.444,-0.03
A ischemic,-0.44,-0.04
A ischemic,-0.436,-0.05
A ischemic,-0.432,-0.06
A ischemic,-0.428,-0.065
A ischemic,-0.424,-0.065
A ischemic,-0.42,-0.07
A ischemic,-0.416,-0.08
A ischemic,-0.412,-0.08
A ischemic,-0.408,-0.075
A ischemic,-0.404,-0.075
A ischemic,-0.4,-0.075
A ischemic,-0.396,-0.075
A ischemic,-0.392,-0.075
A ischemic,-0.388,-0.075
A ischemic,-0.384,-0.075
A ischemic,-0.38,-0.08
A ischemic,-0.376,-0.095
A ischemic,-0.372,-0.085
A ischemic,-0.368,-0.085
A ischemic,-0.364,-0.09
A ischemic,-0.36,-0.09
A ischemic,-0.356,-0.085
A ischemic,-0.352,-0.08
A ischemic,-0.348,-0.075
A ischemic,-0.344,-0.075
A ischemic,-0.34,-0.085
A ischemic,-0.336,-0.095
A ischemic,-0.332,-0.1
A ischemic,-0.328,-0.1
A ischemic,-0.324,-0.085
A ischemic,-0.32,-0.075
A ischemic,-0.316,-0.08
A ischemic,-0.312,-0.085
A ischemic,-0.308,-0.09
A ischemic,-0.304,-0.09
A ischemic,-0.3,-0.08
A ischemic,-0.296,-0.075
A ischemic,-0.292,-0.08
A ischemic,-0.288,-0.085
A ischemic,-0.284,-0.085
A ischemic,-0.28,-0.075
A ischemic,-0.276,-0.065
A ischemic,-0.272,-0.07
A ischemic,-0.268,-0.08
A ischemic,-0.264,-0.08
A ischemic,-0.26,-0.075
A ischemic,-0.256,-0.075
A ischemic,-0.252,-0.075
A ischemic,-0.248,-0.075
A ischemic,-0.244,-0.075
A ischemic,-0.24,-0.075
A ischemic,-0.236,-0.08
A ischemic,-0.232,-0.08
A ischemic,-0.228,-0.075
A ischemic,-0.224,-0.075
A ischemic,-0.22,-0.075
A ischemic,-0.216,-0.08
A ischemic,-0.212,-0.09
A ischemic,-0.208,-0.08
A ischemic,-0.204,-0.07
A ischemic,-0.2,-0.065
A ischemic,-0.196,-0.065
A ischemic,-0.192,-0.075
A ischemic,-0.188,-0.08
A ischemic,-0.184,-0.075
A ischemic,-0.18,-0.075
A ischemic,-0.176,-0.08
A ischemic,-0.172,-0.08
A ischemic,-0.168,-0.075
A ischemic,-0.164,-0.07
A ischemic,-0.16,-0.065
A ischemic,-0.156,-0.06
A ischemic,-0.152,-0.05
A ischemic,-0.148,-0.035
A ischemic,-0.144,-0.015
A ischemic,-0.14,0.01
A ischemic,-0.136,0.05
A ischemic,-0.132,0.07
A ischemic,-0.128,0.065
A ischemic,-0.124,0.07
A ischemic,-0.12,0.085
A ischemic,-0.116,0.1
A ischemic,-0.112,0.11
A ischemic,-0.108,0.11
A ischemic,-0.104,0.105
A ischemic,-0.1,0.095
A ischemic,-0.096,0.075
A ischemic,-0.092,0.05
A ischemic,-0.088,0.01
A ischemic,-0.084,-0.01
A ischemic,-0.08,-0.035
A ischemic,-0.076,-0.05
A ischemic,-0.072,-0.06
A ischemic,-0.068,-0.085
A ischemic,-0.064,-0.11
A ischemic,-0.06,-0.12
A ischemic,-0.056,-0.13
A ischemic,-0.052,-0.135
A ischemic,-0.048,-0.135
A ischemic,-0.044,-0.13
A ischemic,-0.04,-0.12
A ischemic,-0.036,-0.105
A ischemic,-0.032,-0.095
A ischemic,-0.028,-0.095
A ischemic,-0.024,-0.085
A ischemic,-0.02,-0.025
A ischemic,-0.016,0.07
A ischemic,-0.012,0.37
A ischemic,-0.008,0.705
A ischemic,-0.004,1.155
A ischemic,0.0,1.58
A ischemic,0.004,1.935
A ischemic,0.008,2.01
A ischemic,0.012,1.44
A ischemic,0.016,0.765
A ischemic,0.02,-0.1
A ischemic,0.024,-0.685
A ischemic,0.028,-0.81
A ischemic,0.032,-0.89
A ischemic,0.036,-0.91
A ischemic,0.04,-0.86
A ischemic,0.044,-0.725
A ischemic,0.048,-0.59
A ischemic,0.052,-0.45
A ischemic,0.056,-0.365
A ischemic,0.06,-0.32
A ischemic,0.064,-0.3
A ischemic,0.068,-0.295
A ischemic,0.072,-0.29
A ischemic,0.076,-0.285
A ischemic,0.08,-0.275
A ischemic,0.084,-0.265
A ischemic,0.088,-0.26
A ischemic,0.092,-0.255
A ischemic,0.096,-0.25
A ischemic,0.1,-0.245
A ischemic,0.104,-0.245
A ischemic,0.108,-0.25
A ischemic,0.112,-0.25
A ischemic,0.116,-0.245
A ischemic,0.12,-0.235
A ischemic,0.124,-0.225
A ischemic,0.128,-0.215
A ischemic,0.132,-0.215
A ischemic,0.136,-0.215
A ischemic,0.14,-0.215
A ischemic,0.144,-0.215
A ischemic,0.148,-0.21
A ischemic,0.152,-0.195
A ischemic,0.156,-0.18
A ischemic,0.16,-0.175
A ischemic,0.164,-0.17
A ischemic,0.168,-0.165
A ischemic,0.172,-0.165
A ischemic,0.176,-0.165
A ischemic,0.18,-0.155
A ischemic,0.184,-0.14
A ischemic,0.188,-0.125
A ischemic,0.192,-0.11
A ischemic,0.196,-0.105
A ischemic,0.2,-0.105
A ischemic,0.204,-0.095
A ischemic,0.208,-0.08
A ischemic,0.212,-0.065
A ischemic,0.216,-0.05
A ischemic,0.22,-0.045
A ischemic,0.224,-0.045
A ischemic,0.228,-0.045
A ischemic,0.232,-0.05
A ischemic,0.236,-0.055
A ischemic,0.24,-0.055
A ischemic,0.244,-0.05
A ischemic,0.248,-0.045
A ischemic,0.252,-0.045
A ischemic,0.256,-0.045
A ischemic,0.26,-0.05
A ischemic,0.264,-0.06
A ischemic,0.268,-0.06
A ischemic,0.272,-0.055
A ischemic,0.276,-0.05
A ischemic,0.28,-0.045
A ischemic,0.284,-0.035
A ischemic,0.288,-0.025
A ischemic,0.292,-0.01
A ischemic,0.296,0.0
A ischemic,0.3,0.02
A ischemic,0.304,0.045
A ischemic,0.308,0.055
A ischemic,0.312,0.065
A ischemic,0.316,0.08
A ischemic,0.32,0.095
A ischemic,0.324,0.1
A ischemic,0.328,0.1
A ischemic,0.332,0.095
A ischemic,0.336,0.095
A ischemic,0.34,0.095
A ischemic,0.344,0.09
A ischemic,0.348,0.08
A ischemic,0.352,0.07
A ischemic,0.356,0.065
A ischemic,0.36,0.06
A ischemic,0.364,0.055
A ischemic,0.368,0.05
A ischemic,0.372,0.045
A ischemic,0.376,0.05
A ischemic,0.38,0.06
A ischemic,0.384,0.055
A ischemic,0.388,0.04
A ischemic,0.392,0.025
A ischemic,0.396,0.015
A ischemic,0.4,0.02
A ischemic,0.404,0.03
A ischemic,0.408,0.035
A ischemic,0.412,0.035
A ischemic,0.416,0.03
A ischemic,0.42,0.025
A ischemic,0.424,0.025
A ischemic,0.428,0.025
A ischemic,0.432,0.035
A ischemic,0.436,0.05
A ischemic,0.44,0.045
A ischemic,0.444,0.035
A ischemic,0.448,0.035
A ischemic,0.452,0.035
A ischemic,0.456,0.03
A ischemic,0.46,0.025
A ischemic,0.464,0.03
A ischemic,0.468,0.03
A ischemic,0.472,0.025
A ischemic,0.476,0.02
A ischemic,0.48,0.01
A ischemic,0.484,0.005
A ischemic,0.488,0.015
A ischemic,0.492,0.02
A ischemic,0.496,0.005
A ischemic,0.5,-0.005
A ischemic,0.504,-0.01
A ischemic,0.508,-0.015
A ischemic,0.512,-0.02
A ischemic,0.516,-0.025
A ischemic,0.52,-0.03
A ischemic,0.524,-0.035
A ischemic,0.528,-0.045
A ischemic,0.532,-0.055
A ischemic,0.536,-0.06
A ischemic,0.54,-0.065
A ischemic,0.544,-0.065
A ischemic,0.548,-0.065
A ischemic,0.552,-0.065
A ischemic,0.556,-0.065
A ischemic,0.56,-0.07
A ischemic,0.564,-0.075
A ischemic,0.568,-0.075
A ischemic,0.572,-0.075
A ischemic,0.576,-0.08
A ischemic,0.58,-0.085
A ischemic,0.584,-0.085
A ischemic,0.588,-0.09
A ischemic,0.592,-0.1
A ischemic,0.596,-0.1
A ischemic,0.6,-0.095
A ischemic,0.604,-0.095
A ischemic,0.608,-0.1
A ischemic,0.612,-0.095
A ischemic,0.616,-0.085
A ischemic,0.62,-0.09
A ischemic,0.624,-0.105
A ischemic,0.628,-0.105
A ischemic,0.632,-0.105
A ischemic,0.636,-0.105
A ischemic,0.64,-0.105
A ischemic,0.644,-0.105
A ischemic,0.648,-0.1
A ischemic,0.652,-0.095
A ischemic,0.656,-0.095
A ischemic,0.66,-0.1
A ischemic,0.664,-0.105
A ischemic,0.668,-0.105
A ischemic,0.672,-0.1
A ischemic,0.676,-0.09
A ischemic,0.68,-0.085
A ischemic,0.684,-0.095
A ischemic,0.688,-0.1
A ischemic,0.692,-0.095
A ischemic,0.696,-0.095
A ischemic,0.7,-0.1
A ischemic,0.704,-0.105
A ischemic,0.708,-0.105
A ischemic,0.712,-0.1
A ischemic,0.716,-0.095
A ischemic,0.72,-0.095
A ischemic,0.724,-0.095
A ischemic,0.728,-0.095
A ischemic,0.732,-0.095
A ischemic,0.736,-0.095
A ischemic,0.74,-0.1
A ischemic,0.744,-0.095
A ischemic,0.748,-0.085
A ischemic,0.752,-0.085
A ischemic,0.756,-0.09
A ischemic,0.76,-0.09
A ischemic,0.764,-0.085
A ischemic,0.768,-0.09
A ischemic,0.772,-0.1
A ischemic,0.776,-0.095
A ischemic,0.78,-0.085
A ischemic,0.784,-0.085
A ischemic,0.788,-0.09
A ischemic,0.792,-0.095
A ischemic,0.796,-0.09
A ischemic,0.8,-0.085
A ischemic,0.804,-0.085
A ischemic,0.808,-0.085
A ischemic,0.812,-0.08
A ischemic,0.816,-0.06
A ischemic,0.82,-0.04
A ischemic,0.824,-0.015
A ischemic,0.828,0.005
A ischemic,0.832,0.025
A ischemic,0.836,0.045
A ischemic,0.84,0.05
A ischemic,0.844,0.055
A ischemic,0.848,0.075
A ischemic,0.852,0.085
A ischemic,0.856,0.09
A ischemic,0.86,0.09
A ischemic,0.864,0.08
A ischemic,0.868,0.06
A ischemic,0.872,0.035
A ischemic,0.876,0.005
A ischemic,0.88,-0.02
A ischemic,0.884,-0.045
A ischemic,0.888,-0.065
A ischemic,0.892,-0.09
A ischemic,0.896,-0.115
A ischemic,0.9,-0.13
A ischemic,0.904,-0.14
A ischemic,0.908,-0.15
A ischemic,0.912,-0.16
A ischemic,0.916,-0.165
A ischemic,0.92,-0.17
A ischemic,0.924,-0.155
A ischemic,0.928,-0.135
A ischemic,0.932,-0.135
A ischemic,0.936,-0.135
A ischemic,0.94,-0.13
A ischemic,0.944,-0.125
A ischemic,0.948,-0.04
A ischemic,0.952,0.04
A ischemic,0.956,0.37
A ischemic,0.96,0.71
A ischemic,0.964,1.205
A ischemic,0.968,1.69
A ischemic,0.972,1.93
A ischemic,0.976,2.06
A ischemic,0.98,1.285
A ischemic,0.984,0.525
A ischemic,0.988,-0.155
A ischemic,0.992,-0.725
A ischemic,0.996,-0.845
A ischemic,1.0,-0.935
A ischemic,1.004,-0.945
A ischemic,1.008,-0.91
A ischemic,1.012,-0.775
A ischemic,1.016,-0.64
A ischemic,1.02,-0.51
A ischemic,1.024,-0.415
A ischemic,1.028,-0.375
A ischemic,1.032,-0.35
A ischemic,1.036,-0.345
A ischemic,1.04,-0.34
A ischemic,1.044,-0.335
A ischemic,1.048,-0.325
A ischemic,1.052,-0.31
A ischemic,1.056,-0.305
A ischemic,1.06,-0.305
A ischemic,1.064,-0.305
A ischemic,1.068,-0.305
A ischemic,1.072,-0.3
A ischemic,1.076,-0.295
A ischemic,1.08,-0.295
A ischemic,1.084,-0.295
A ischemic,1.088,-0.285
A ischemic,1.092,-0.275
A ischemic,1.096,-0.275
A ischemic,1.1,-0.275
A ischemic,1.104,-0.27
A ischemic,1.108,-0.265
A ischemic,1.112,-0.25
A ischemic,1.116,-0.235
A ischemic,1.12,-0.235
A ischemic,1.124,-0.235
A ischemic,1.128,-0.235
A ischemic,1.132,-0.23
A ischemic,1.136,-0.215
A ischemic,1.14,-0.205
A ischemic,1.144,-0.21
A ischemic,1.148,-0.21
A ischemic,1.152,-0.185
A ischemic,1.156,-0.165
A ischemic,1.16,-0.165
A ischemic,1.164,-0.16
A ischemic,1.168,-0.145
A ischemic,1.172,-0.13
A ischemic,1.176,-0.115
A ischemic,1.18,-0.105
A ischemic,1.184,-0.105
A ischemic,1.188,-0.105
A ischemic,1.192,-0.105
A ischemic,1.196,-0.1
A HR-related,-0.8,0.02
A HR-related,-0.796,-0.01
A HR-related,-0.792,0.005
A HR-related,-0.788,0.0
A HR-related,-0.784,-0.11
A HR-related,-0.78,-0.195
A HR-related,-0.776,-0.17
A HR-related,-0.772,-0.155
A HR-related,-0.768,-0.17
A HR-related,-0.764,-0.175
A HR-related,-0.76,-0.16
A HR-related,-0.756,-0.155
A HR-related,-0.752,-0.165
A HR-related,-0.748,-0.125
A HR-related,-0.744,-0.01
A HR-related,-0.74,0.065
A HR-related,-0.736,0.12
A HR-related,-0.732,0.325
A HR-related,-0.728,0.68
A HR-related,-0.724,1.105
A HR-related,-0.72,1.585
A HR-related,-0.716,1.9
A HR-related,-0.712,2.11
A HR-related,-0.708,1.775
A HR-related,-0.704,1.15
A HR-related,-0.7,0.315
A HR-related,-0.696,-0.6
A HR-related,-0.692,-0.945
A HR-related,-0.688,-1.09
A HR-related,-0.684,-1.11
A HR-related,-0.68,-1.095
A HR-related,-0.676,-0.97
A HR-related,-0.672,-0.83
A HR-related,-0.668,-0.64
A HR-related,-0.664,-0.445
A HR-related,-0.66,-0.4
A HR-related,-0.656,-0.365
A HR-related,-0.652,-0.35
A HR-related,-0.648,-0.345
A HR-related,-0.644,-0.36
A HR-related,-0.64,-0.375
A HR-related,-0.636,-0.38
A HR-related,-0.632,-0.38
A HR-related,-0.628,-0.365
A HR-related,-0.624,-0.355
A HR-related,-0.62,-0.355
A HR-related,-0.616,-0.345
A HR-related,-0.612,-0.31
A HR-related,-0.608,-0.29
A HR-related,-0.604,-0.32
A HR-related,-0.6,-0.325
A HR-related,-0.596,-0.26
A HR-related,-0.592,-0.235
A HR-related,-0.588,-0.27
A HR-related,-0.584,-0.285
A HR-related,-0.58,-0.27
A HR-related,-0.576,-0.25
A HR-related,-0.572,-0.22
A HR-related,-0.568,-0.195
A HR-related,-0.564,-0.185
A HR-related,-0.56,-0.165
A HR-related,-0.556,-0.135
A HR-related,-0.552,-0.15
A HR-related,-0.548,-0.195
A HR-related,-0.544,-0.21
A HR-related,-0.54,-0.205
A HR-related,-0.536,-0.165
A HR-related,-0.532,-0.115
A HR-related,-0.528,-0.125
A HR-related,-0.524,-0.155
A HR-related,-0.52,-0.125
A HR-related,-0.516,-0.07
A HR-related,-0.512,-0.08
A HR-related,-0.508,-0.1
A HR-related,-0.504,-0.075
A HR-related,-0.5,-0.045
A HR-related,-0.496,-0.045
A HR-related,-0.492,-0.045
A HR-related,-0.488,-0.025
A HR-related,-0.484,0.0
A HR-related,-0.48,0.035
A HR-related,-0.476,0.075
A HR-related,-0.472,0.12
A HR-related,-0.468,0.165
A HR-related,-0.464,0.195
A HR-related,-0.46,0.225
A HR-related,-0.456,0.235
A HR-related,-0.452,0.245
A HR-related,-0.448,0.255
A HR-related,-0.444,0.26
A HR-related,-0.44,0.25
A HR-related,-0.436,0.245
A HR-related,-0.432,0.25
A HR-related,-0.428,0.255
A HR-related,-0.424,0.265
A HR-related,-0.42,0.235
A HR-related,-0.416,0.145
A HR-related,-0.412,0.125
A HR-related,-0.408,0.205
A HR-related,-0.404,0.215
A HR-related,-0.4,0.16
A HR-related,-0.396,0.125
A HR-related,-0.392,0.11
A HR-related,-0.388,0.11
A HR-related,-0.384,0.12
A HR-related,-0.38,0.115
A HR-related,-0.376,0.105
A HR-related,-0.372,0.075
A HR-related,-0.368,0.035
A HR-related,-0.364,0.025
A HR-related,-0.36,0.025
A HR-related,-0.356,0.04
A HR-related,-0.352,0.06
A HR-related,-0.348,0.035
A HR-related,-0.344,0.0
A HR-related,-0.34,0.015
A HR-related,-0.336,0.04
A HR-related,-0.332,0.075
A HR-related,-0.328,0.11
A HR-related,-0.324,0.085
A HR-related,-0.32,0.055
A HR-related,-0.316,0.04
A HR-related,-0.312,0.03
A HR-related,-0.308,0.02
A HR-related,-0.304,0.015
A HR-related,-0.3,0.035
A HR-related,-0.296,0.045
A HR-related,-0.292,0.01
A HR-related,-0.288,-0.01
A HR-related,-0.284,0.0
A HR-related,-0.28,0.0
A HR-related,-0.276,-0.03
A HR-related,-0.272,-0.04
A HR-related,-0.268,-0.005
A HR-related,-0.264,0.0
A HR-related,-0.26,-0.05
A HR-related,-0.256,-0.095
A HR-related,-0.252,-0.13
A HR-related,-0.248,-0.115
A HR-related,-0.244,-0.02
A HR-related,-0.24,0.0
A HR-related,-0.236,-0.04
A HR-related,-0.232,-0.07
A HR-related,-0.228,-0.08
A HR-related,-0.224,-0.11
A HR-related,-0.22,-0.165
A HR-related,-0.216,-0.13
A HR-related,-0.212,-0.04
A HR-related,-0.208,-0.045
A HR-related,-0.204,-0.09
A HR-related,-0.2,-0.085
A HR-related,-0.196,-0.06
A HR-related,-0.192,-0.08
A HR-related,-0.188,-0.115
A HR-related,-0.184,-0.155
A HR-related,-0.18,-0.195
A HR-related,-0.176,-0.16
A HR-related,-0.172,-0.11
A HR-related,-0.168,-0.08
A HR-related,-0.164,-0.055
A HR-related,-0.16,-0.065
A HR-related,-0.156,-0.08
A HR-related,-0.152,-0.09
A HR-related,-0.148,-0.09
A HR-related,-0.144,-0.085
A HR-related,-0.14,-0.08
A HR-related,-0.136,-0.07
A HR-related,-0.132,-0.05
A HR-related,-0.128,0.03
A HR-related,-0.124,0.105
A HR-related,-0.12,0.125
A HR-related,-0.116,0.13
A HR-related,-0.112,0.085
A HR-related,-0.108,0.075
A HR-related,-0.104,0.165
A HR-related,-0.1,0.22
A HR-related,-0.096,0.2
A HR-related,-0.092,0.185
A HR-related,-0.088,0.17
A HR-related,-0.084,0.135
A HR-related,-0.08,0.06
A HR-related,-0.076,0.015
A HR-related,-0.072,0.0
A HR-related,-0.068,-0.03
A HR-related,-0.064,-0.065
A HR-related,-0.06,-0.1
A HR-related,-0.056,-0.14
A HR-related,-0.052,-0.17
A HR-related,-0.048,-0.195
A HR-related,-0.044,-0.175
A HR-related,-0.04,-0.125
A HR-related,-0.036,-0.13
A HR-related,-0.032,-0.155
A HR-related,-0.028,-0.145
A HR-related,-0.024,-0.125
A HR-related,-0.02,-0.075
A HR-related,-0.016,-0.015
A HR-related,-0.012,0.085
A HR-related,-0.008,0.2
A HR-related,-0.004,0.525
A HR-related,0.0,0.885
A HR-related,0.004,1.445
A HR-related,0.008,2.025
A HR-related,0.012,2.16
A HR-related,0.016,2.265
A HR-related,0.02,1.235
A HR-related,0.024,0.235
A HR-related,0.028,-0.405
A HR-related,0.032,-0.985
A HR-related,0.036,-1.085
A HR-related,0.04,-1.155
A HR-related,0.044,-1.025
A HR-related,0.048,-0.89
A HR-related,0.052,-0.725
A HR-related,0.056,-0.58
A HR-related,0.06,-0.5
A HR-related,0.064,-0.43
A HR-related,0.068,-0.385
A HR-related,0.072,-0.355
A HR-related,0.076,-0.36
A HR-related,0.08,-0.37
A HR-related,0.084,-0.385
A HR-related,0.088,-0.385
A HR-related,0.092,-0.37
A HR-related,0.096,-0.35
A HR-related,0.1,-0.325
A HR-related,0.104,-0.325
A HR-related,0.108,-0.35
A HR-related,0.112,-0.32
A HR-related,0.116,-0.24
A HR-related,0.12,-0.24
A HR-related,0.124,-0.285
A HR-related,0.128,-0.295
A HR-related,0.132,-0.285
A HR-related,0.136,-0.255
A HR-related,0.14,-0.21
A HR-related,0.144,-0.205
A HR-related,0.148,-0.205
A HR-related,0.152,-0.22
A HR-related,0.156,-0.24
A HR-related,0.16,-0.21
A HR-related,0.164,-0.175
A HR-related,0.168,-0.19
A HR-related,0.172,-0.21
A HR-related,0.176,-0.13
A HR-related,0.18,-0.045
A HR-related,0.184,-0.095
A HR-related,0.188,-0.14
A HR-related,0.192,-0.125
A HR-related,0.196,-0.11
A HR-related,0.2,-0.095
A HR-related,0.204,-0.08
A HR-related,0.208,-0.06
A HR-related,0.212,-0.04
A HR-related,0.216,-0.02
A HR-related,0.22,-0.01
A HR-related,0.224,-0.045
A HR-related,0.228,-0.08
A HR-related,0.232,-0.1
A HR-related,0.236,-0.075
A HR-related,0.24,0.04
A HR-related,0.244,0.1
A HR-related,0.248,0.065
A HR-related,0.252,0.06
A HR-related,0.256,0.11
A HR-related,0.26,0.15
A HR-related,0.264,0.195
A HR-related,0.268,0.23
A HR-related,0.272,0.265
A HR-related,0.276,0.29
A HR-related,0.28,0.305
A HR-related,0.284,0.32
A HR-related,0.288,0.33
A HR-related,0.292,0.3
A HR-related,0.296,0.255
A HR-related,0.3,0.23
A HR-related,0.304,0.215
A HR-related,0.308,0.225
A HR-related,0.312,0.24
A HR-related,0.316,0.175
A HR-related,0.32,0.095
A HR-related,0.324,0.055
A HR-related,0.328,0.025
A HR-related,0.332,0.06
A HR-related,0.336,0.1
A HR-related,0.34,0.105
A HR-related,0.344,0.11
A HR-related,0.348,0.095
A HR-related,0.352,0.085
A HR-related,0.356,0.1
A HR-related,0.36,0.11
A HR-related,0.364,0.1
A HR-related,0.368,0.09
A HR-related,0.372,0.08
A HR-related,0.376,0.08
A HR-related,0.38,0.125
A HR-related,0.384,0.15
A HR-related,0.388,0.08
A HR-related,0.392,0.045
A HR-related,0.396,0.085
A HR-related,0.4,0.105
A HR-related,0.404,0.08
A HR-related,0.408,0.055
A HR-related,0.412,0.04
A HR-related,0.416,0.035
A HR-related,0.42,0.045
A HR-related,0.424,0.05
A HR-related,0.428,0.045
A HR-related,0.432,0.045
A HR-related,0.436,0.05
A HR-related,0.44,0.045
A HR-related,0.444,0.03
A HR-related,0.448,0.005
A HR-related,0.452,-0.015
A HR-related,0.456,-0.02
A HR-related,0.46,-0.015
A HR-related,0.464,-0.02
A HR-related,0.468,-0.03
A HR-related,0.472,-0.015
A HR-related,0.476,0.005
A HR-related,0.48,0.01
A HR-related,0.484,0.005
A HR-related,0.488,-0.025
A HR-related,0.492,-0.065
A HR-related,0.496,-0.06
A HR-related,0.5,-0.045
A HR-related,0.504,-0.05
A HR-related,0.508,-0.06
A HR-related,0.512,-0.075
A HR-related,0.516,-0.095
A HR-related,0.52,-0.095
A HR-related,0.524,-0.09
A HR-related,0.528,-0.07
A HR-related,0.532,-0.06
A HR-related,0.536,-0.12
A HR-related,0.54,-0.15
A HR-related,0.544,-0.015
A HR-related,0.548,0.07
A HR-related,0.552,-0.04
A HR-related,0.556,-0.12
A HR-related,0.56,-0.11
A HR-related,0.564,-0.095
A HR-related,0.568,-0.075
A HR-related,0.572,-0.065
A HR-related,0.576,-0.075
A HR-related,0.58,-0.06
A HR-related,0.584,0.0
A HR-related,0.588,0.04
A HR-related,0.592,0.055
A HR-related,0.596,0.055
A HR-related,0.6,0.03
A HR-related,0.604,0.05
A HR-related,0.608,0.1
A HR-related,0.612,0.16
A HR-related,0.616,0.22
A HR-related,0.62,0.225
A HR-related,0.624,0.2
A HR-related,0.628,0.185
A HR-related,0.632,0.175
A HR-related,0.636,0.11
A HR-related,0.64,0.025
A HR-related,0.644,0.06
A HR-related,0.648,0.14
A HR-related,0.652,0.105
A HR-related,0.656,0.04
A HR-related,0.66,-0.035
A HR-related,0.664,-0.125
A HR-related,0.668,-0.14
A HR-related,0.672,-0.15
A HR-related,0.676,-0.155
A HR-related,0.68,-0.155
A HR-related,0.684,-0.145
A HR-related,0.688,-0.145
A HR-related,0.692,-0.16
A HR-related,0.696,-0.17
A HR-related,0.7,-0.12
A HR-related,0.704,-0.075
A HR-related,0.708,-0.01
A HR-related,0.712,0.085
A HR-related,0.716,0.38
A HR-related,0.72,0.725
A HR-related,0.724,1.24
A HR-related,0.728,1.725
A HR-related,0.732,2.13
A HR-related,0.736,2.18
A HR-related,0.74,1.505
A HR-related,0.744,0.73
A HR-related,0.748,-0.2
A HR-related,0.752,-0.855
A HR-related,0.756,-1.115
A HR-related,0.76,-1.225
A HR-related,0.764,-1.16
A HR-related,0.768,-1.035
A HR-related,0.772,-0.855
A HR-related,0.776,-0.68
A HR-related,0.78,-0.515
A HR-related,0.784,-0.42
A HR-related,0.788,-0.36
A HR-related,0.792,-0.345
A HR-related,0.796,-0.35
A HR-related,0.8,-0.355
A HR-related,0.804,-0.355
A HR-related,0.808,-0.36
A HR-related,0.812,-0.37
A HR-related,0.816,-0.35
A HR-related,0.82,-0.325
A HR-related,0.824,-0.33
A HR-related,0.828,-0.34
A HR-related,0.832,-0.335
A HR-related,0.836,-0.325
A HR-related,0.84,-0.325
A HR-related,0.844,-0.325
A HR-related,0.848,-0.295
A HR-related,0.852,-0.27
A HR-related,0.856,-0.265
A HR-related,0.86,-0.265
A HR-related,0.864,-0.285
A HR-related,0.868,-0.295
A HR-related,0.872,-0.255
A HR-related,0.876,-0.225
A HR-related,0.88,-0.225
A HR-related,0.884,-0.22
A HR-related,0.888,-0.205
A HR-related,0.892,-0.19
A HR-related,0.896,-0.175
A HR-related,0.9,-0.15
A HR-related,0.904,-0.115
A HR-related,0.908,-0.09
A HR-related,0.912,-0.085
A HR-related,0.916,-0.08
A HR-related,0.92,-0.075
A HR-related,0.924,-0.05
A HR-related,0.928,0.0
A HR-related,0.932,0.0
A HR-related,0.936,-0.04
A HR-related,0.94,-0.045
A HR-related,0.944,-0.015
A HR-related,0.948,-0.005
A HR-related,0.952,-0.005
A HR-related,0.956,0.015
A HR-related,0.96,0.05
A HR-related,0.964,0.075
A HR-related,0.968,0.095
A HR-related,0.972,0.13
A HR-related,0.976,0.165
A HR-related,0.98,0.195
A HR-related,0.984,0.22
A HR-related,0.988,0.245
A HR-related,0.992,0.27
A HR-related,0.996,0.275
A HR-related,1.0,0.275
A HR-related,1.004,0.27
A HR-related,1.008,0.265
A HR-related,1.012,0.24
A HR-related,1.016,0.21
A HR-related,1.02,0.19
A HR-related,1.024,0.17
A HR-related,1.028,0.155
A HR-related,1.032,0.145
A HR-related,1.036,0.145
A HR-related,1.04,0.14
A HR-related,1.044,0.125
A HR-related,1.048,0.11
A HR-related,1.052,0.095
A HR-related,1.056,0.08
A HR-related,1.06,0.075
A HR-related,1.064,0.065
A HR-related,1.068,0.045
A HR-related,1.072,0.035
A HR-related,1.076,0.045
A HR-related,1.08,0.045
A HR-related,1.084,0.03
A HR-related,1.088,0.025
A HR-related,1.092,0.035
A HR-related,1.096,0.04
A HR-related,1.1,0.025
A HR-related,1.104,0.03
A HR-related,1.108,0.045
A HR-related,1.112,0.05
A HR-related,1.116,0.045
A HR-related,1.12,0.04
A HR-related,1.124,0.035
A HR-related,1.128,0.03
A HR-related,1.132,0.025
A HR-related,1.136,0.005
A HR-related,1.14,-0.015
A HR-related,1.144,0.025
A HR-related,1.148,0.1
A HR-related,1.152,0.06
A HR-related,1.156,-0.005
A HR-related,1.16,-0.04
A HR-related,1.164,-0.07
A HR-related,1.168,0.005
A HR-related,1.172,0.1
A HR-related,1.176,0.075
A HR-related,1.18,0.045
A HR-related,1.184,-0.06
A HR-related,1.188,-0.16
A HR-related,1.192,-0.125
A HR-related,1.196,-0.09
B baseline,-0.8,0.005
B baseline,-0.796,0.0
B baseline,-0.792,0.0
B baseline,-0.788,-0.01
B baseline,-0.784,-0.02
B baseline,-0.78,-0.05
B baseline,-0.776,-0.08
B baseline,-0.772,-0.115
B baseline,-0.768,-0.145
B baseline,-0.764,-0.16
B baseline,-0.76,-0.175
B baseline,-0.756,-0.175
B baseline,-0.752,-0.175
B baseline,-0.748,-0.175
B baseline,-0.744,-0.17
B baseline,-0.74,-0.165
B baseline,-0.736,-0.165
B baseline,-0.732,-0.17
B baseline,-0.728,-0.17
B baseline,-0.724,-0.16
B baseline,-0.72,-0.155
B baseline,-0.716,-0.165
B baseline,-0.712,-0.165
B baseline,-0.708,-0.145
B baseline,-0.704,-0.145
B baseline,-0.7,-0.185
B baseline,-0.696,-0.21
B baseline,-0.692,-0.225
B baseline,-0.688,-0.135
B baseline,-0.684,0.06
B baseline,-0.68,0.385
B baseline,-0.676,0.81
B baseline,-0.672,1.12
B baseline,-0.668,1.35
B baseline,-0.664,1.405
B baseline,-0.66,1.365
B baseline,-0.656,1.01
B baseline,-0.652,0.505
B baseline,-0.648,0.13
B baseline,-0.644,-0.19
B baseline,-0.64,-0.26
B baseline,-0.636,-0.255
B baseline,-0.632,-0.23
B baseline,-0.628,-0.205
B baseline,-0.624,-0.2
B baseline,-0.62,-0.195
B baseline,-0.616,-0.195
B baseline,-0.612,-0.195
B baseline,-0.608,-0.195
B baseline,-0.604,-0.2
B baseline,-0.6,-0.195
B baseline,-0.596,-0.19
B baseline,-0.592,-0.185
B baseline,-0.588,-0.185
B baseline,-0.584,-0.19
B baseline,-0.58,-0.19
B baseline,-0.576,-0.175
B baseline,-0.572,-0.165
B baseline,-0.568,-0.165
B baseline,-0.564,-0.16
B baseline,-0.56,-0.155
B baseline,-0.556,-0.15
B baseline,-0.552,-0.145
B baseline,-0.548,-0.14
B baseline,-0.544,-0.135
B baseline,-0.54,-0.125
B baseline,-0.536,-0.11
B baseline,-0.532,-0.095
B baseline,-0.528,-0.08
B baseline,-0.524,-0.065
B baseline,-0.52,-0.04
B baseline,-0.516,-0.03
B baseline,-0.512,-0.025
B baseline,-0.508,-0.01
B baseline,-0.504,0.005
B baseline,-0.5,0.025
B baseline,-0.496,0.045
B baseline,-0.492,0.065
B baseline,-0.488,0.085
B baseline,-0.484,0.105
B baseline,-0.48,0.13
B baseline,-0.476,0.16
B baseline,-0.472,0.195
B baseline,-0.468,0.22
B baseline,-0.464,0.24
B baseline,-0.46,0.255
B baseline,-0.456,0.27
B baseline,-0.452,0.285
B baseline,-0.448,0.3
B baseline,-0.444,0.315
B baseline,-0.44,0.335
B baseline,-0.436,0.325
B baseline,-0.432,0.32
B baseline,-0.428,0.3
B baseline,-0.424,0.28
B baseline,-0.42,0.24
B baseline,-0.416,0.195
B baseline,-0.412,0.16
B baseline,-0.408,0.125
B baseline,-0.404,0.08
B baseline,-0.4,0.035
B baseline,-0.396,0.005
B baseline,-0.392,-0.02
B baseline,-0.388,-0.04
B baseline,-0.384,-0.055
B baseline,-0.38,-0.06
B baseline,-0.376,-0.07
B baseline,-0.372,-0.085
B baseline,-0.368,-0.095
B baseline,-0.364,-0.105
B baseline,-0.36,-0.11
B baseline,-0.356,-0.105
B baseline,-0.352,-0.105
B baseline,-0.348,-0.11
B baseline,-0.344,-0.11
B baseline,-0.34,-0.105
B baseline,-0.336,-0.095
B baseline,-0.332,-0.085
B baseline,-0.328,-0.085
B baseline,-0.324,-0.09
B baseline,-0.32,-0.09
B baseline,-0.316,-0.085
B baseline,-0.312,-0.08
B baseline,-0.308,-0.075
B baseline,-0.304,-0.08
B baseline,-0.3,-0.09
B baseline,-0.296,-0.09
B baseline,-0.292,-0.085
B baseline,-0.288,-0.07
B baseline,-0.284,-0.055
B baseline,-0.28,-0.055
B baseline,-0.276,-0.055
B baseline,-0.272,-0.06
B baseline,-0.268,-0.06
B baseline,-0.264,-0.055
B baseline,-0.26,-0.055
B baseline,-0.256,-0.055
B baseline,-0.252,-0.055
B baseline,-0.248,-0.06
B baseline,-0.244,-0.06
B baseline,-0.24,-0.055
B baseline,-0.236,-0.055
B baseline,-0.232,-0.065
B baseline,-0.228,-0.07
B baseline,-0.224,-0.065
B baseline,-0.22,-0.065
B baseline,-0.216,-0.07
B baseline,-0.212,-0.08
B baseline,-0.208,-0.095
B baseline,-0.204,-0.095
B baseline,-0.2,-0.08
B baseline,-0.196,-0.07
B baseline,-0.192,-0.06
B baseline,-0.188,-0.05
B baseline,-0.184,-0.045
B baseline,-0.18,-0.04
B baseline,-0.176,-0.035
B baseline,-0.172,-0.03
B baseline,-0.168,-0.025
B baseline,-0.164,-0.01
B baseline,-0.16,0.005
B baseline,-0.156,0.02
B baseline,-0.152,0.03
B baseline,-0.148,0.035
B baseline,-0.144,0.04
B baseline,-0.14,0.025
B baseline,-0.136,0.005
B baseline,-0.132,0.005
B baseline,-0.128,0.005
B baseline,-0.124,-0.025
B baseline,-0.12,-0.06
B baseline,-0.116,-0.08
B baseline,-0.112,-0.1
B baseline,-0.108,-0.12
B baseline,-0.104,-0.145
B baseline,-0.1,-0.15
B baseline,-0.096,-0.155
B baseline,-0.092,-0.155
B baseline,-0.088,-0.155
B baseline,-0.084,-0.155
B baseline,-0.08,-0.155
B baseline,-0.076,-0.16
B baseline,-0.072,-0.16
B baseline,-0.068,-0.155
B baseline,-0.064,-0.155
B baseline,-0.06,-0.16
B baseline,-0.056,-0.16
B baseline,-0.052,-0.15
B baseline,-0.048,-0.145
B baseline,-0.044,-0.155
B baseline,-0.04,-0.175
B baseline,-0.036,-0.205
B baseline,-0.032,-0.18
B baseline,-0.028,-0.085
B baseline,-0.024,0.125
B baseline,-0.02,0.465
B baseline,-0.016,0.825
B baseline,-0.012,1.21
B baseline,-0.008,1.42
B baseline,-0.004,1.5
B baseline,0.0,1.415
B baseline,0.004,1.225
B baseline,0.008,0.705
B baseline,0.012,0.025
B baseline,0.016,-0.23
B baseline,0.02,-0.33
B baseline,0.024,-0.3
B baseline,0.028,-0.225
B baseline,0.032,-0.21
B baseline,0.036,-0.205
B baseline,0.04,-0.205
B baseline,0.044,-0.21
B baseline,0.048,-0.205
B baseline,0.052,-0.195
B baseline,0.056,-0.195
B baseline,0.06,-0.195
B baseline,0.064,-0.2
B baseline,0.068,-0.2
B baseline,0.072,-0.18
B baseline,0.076,-0.165
B baseline,0.08,-0.165
B baseline,0.084,-0.165
B baseline,0.088,-0.17
B baseline,0.092,-0.17
B baseline,0.096,-0.155
B baseline,0.1,-0.145
B baseline,0.104,-0.15
B baseline,0.108,-0.15
B baseline,0.112,-0.135
B baseline,0.116,-0.125
B baseline,0.12,-0.125
B baseline,0.124,-0.12
B baseline,0.128,-0.115
B baseline,0.132,-0.105
B baseline,0.136,-0.085
B baseline,0.14,-0.07
B baseline,0.144,-0.055
B baseline,0.148,-0.045
B baseline,0.152,-0.03
B baseline,0.156,-0.015
B baseline,0.16,-0.005
B baseline,0.164,0.005
B baseline,0.168,0.025
B baseline,0.172,0.05
B baseline,0.176,0.075
B baseline,0.18,0.11
B baseline,0.184,0.145
B baseline,0.188,0.17
B baseline,0.192,0.19
B baseline,0.196,0.21
B baseline,0.2,0.23
B baseline,0.204,0.245
B baseline,0.208,0.26
B baseline,0.212,0.275
B baseline,0.216,0.29
B baseline,0.22,0.3
B baseline,0.224,0.31
B baseline,0.228,0.27
B baseline,0.232,0.23
B baseline,0.236,0.205
B baseline,0.24,0.18
B baseline,0.244,0.145
B baseline,0.248,0.11
B baseline,0.252,0.07
B baseline,0.256,0.035
B baseline,0.26,0.005
B baseline,0.264,-0.015
B baseline,0.268,-0.035
B baseline,0.272,-0.06
B baseline,0.276,-0.08
B baseline,0.28,-0.095
B baseline,0.284,-0.105
B baseline,0.288,-0.115
B baseline,0.292,-0.12
B baseline,0.296,-0.125
B baseline,0.3,-0.13
B baseline,0.304,-0.135
B baseline,0.308,-0.135
B baseline,0.312,-0.14
B baseline,0.316,-0.15
B baseline,0.32,-0.15
B baseline,0.324,-0.145
B baseline,0.328,-0.14
B baseline,0.332,-0.135
B baseline,0.336,-0.125
B baseline,0.34,-0.115
B baseline,0.344,-0.115
B baseline,0.348,-0.115
B baseline,0.352,-0.105
B baseline,0.356,-0.095
B baseline,0.36,-0.095
B baseline,0.364,-0.1
B baseline,0.368,-0.095
B baseline,0.372,-0.085
B baseline,0.376,-0.085
B baseline,0.38,-0.09
B baseline,0.384,-0.095
B baseline,0.388,-0.1
B baseline,0.392,-0.105
B baseline,0.396,-0.11
B baseline,0.4,-0.105
B baseline,0.404,-0.1
B baseline,0.408,-0.09
B baseline,0.412,-0.085
B baseline,0.416,-0.095
B baseline,0.42,-0.105
B baseline,0.424,-0.115
B baseline,0.428,-0.12
B baseline,0.432,-0.11
B baseline,0.436,-0.105
B baseline,0.44,-0.11
B baseline,0.444,-0.115
B baseline,0.448,-0.115
B baseline,0.452,-0.11
B baseline,0.456,-0.1
B baseline,0.46,-0.09
B baseline,0.464,-0.085
B baseline,0.468,-0.08
B baseline,0.472,-0.07
B baseline,0.476,-0.055
B baseline,0.48,-0.04
B baseline,0.484,-0.025
B baseline,0.488,-0.015
B baseline,0.492,-0.015
B baseline,0.496,-0.02
B baseline,0.5,-0.03
B baseline,0.504,-0.04
B baseline,0.508,-0.04
B baseline,0.512,-0.035
B baseline,0.516,-0.05
B baseline,0.52,-0.075
B baseline,0.524,-0.1
B baseline,0.528,-0.13
B baseline,0.532,-0.155
B baseline,0.536,-0.18
B baseline,0.54,-0.185
B baseline,0.544,-0.19
B baseline,0.548,-0.19
B baseline,0.552,-0.185
B baseline,0.556,-0.19
B baseline,0.56,-0.205
B baseline,0.564,-0.21
B baseline,0.568,-0.21
B baseline,0.572,-0.2
B baseline,0.576,-0.195
B baseline,0.58,-0.195
B baseline,0.584,-0.19
B baseline,0.588,-0.185
B baseline,0.592,-0.18
B baseline,0.596,-0.175
B baseline,0.6,-0.18
B baseline,0.604,-0.225
B baseline,0.608,-0.245
B baseline,0.612,-0.225
B baseline,0.616,-0.12
B baseline,0.62,0.155
B baseline,0.624,0.5
B baseline,0.628,0.94
B baseline,0.632,1.255
B baseline,0.636,1.41
B baseline,0.64,1.47
B baseline,0.644,1.425
B baseline,0.648,1.1
B baseline,0.652,0.51
B baseline,0.656,0.075
B baseline,0.66,-0.24
B baseline,0.664,-0.345
B baseline,0.668,-0.315
B baseline,0.672,-0.29
B baseline,0.676,-0.27
B baseline,0.68,-0.255
B baseline,0.684,-0.245
B baseline,0.688,-0.245
B baseline,0.692,-0.245
B baseline,0.696,-0.245
B baseline,0.7,-0.245
B baseline,0.704,-0.245
B baseline,0.708,-0.25
B baseline,0.712,-0.25
B baseline,0.716,-0.245
B baseline,0.72,-0.24
B baseline,0.724,-0.235
B baseline,0.728,-0.21
B baseline,0.732,-0.195
B baseline,0.736,-0.205
B baseline,0.74,-0.21
B baseline,0.744,-0.205
B baseline,0.748,-0.2
B baseline,0.752,-0.185
B baseline,0.756,-0.175
B baseline,0.76,-0.175
B baseline,0.764,-0.17
B baseline,0.768,-0.165
B baseline,0.772,-0.16
B baseline,0.776,-0.145
B baseline,0.78,-0.125
B baseline,0.784,-0.105
B baseline,0.788,-0.09
B baseline,0.792,-0.08
B baseline,0.796,-0.07
B baseline,0.8,-0.06
B baseline,0.804,-0.04
B baseline,0.808,-0.01
B baseline,0.812,0.015
B baseline,0.816,0.035
B baseline,0.82,0.06
B baseline,0.824,0.09
B baseline,0.828,0.12
B baseline,0.832,0.145
B baseline,0.836,0.165
B baseline,0.84,0.185
B baseline,0.844,0.205
B baseline,0.848,0.22
B baseline,0.852,0.23
B baseline,0.856,0.24
B baseline,0.86,0.245
B baseline,0.864,0.25
B baseline,0.868,0.25
B baseline,0.872,0.245
B baseline,0.876,0.21
B baseline,0.88,0.175
B baseline,0.884,0.135
B baseline,0.888,0.095
B baseline,0.892,0.055
B baseline,0.896,0.01
B baseline,0.9,-0.015
B baseline,0.904,-0.045
B baseline,0.908,-0.075
B baseline,0.912,-0.105
B baseline,0.916,-0.12
B baseline,0.92,-0.135
B baseline,0.924,-0.155
B baseline,0.928,-0.175
B baseline,0.932,-0.175
B baseline,0.936,-0.17
B baseline,0.94,-0.165
B baseline,0.944,-0.165
B baseline,0.948,-0.17
B baseline,0.952,-0.175
B baseline,0.956,-0.175
B baseline,0.96,-0.175
B baseline,0.964,-0.175
B baseline,0.968,-0.175
B baseline,0.972,-0.175
B baseline,0.976,-0.175
B baseline,0.98,-0.175
B baseline,0.984,-0.17
B baseline,0.988,-0.165
B baseline,0.992,-0.155
B baseline,0.996,-0.14
B baseline,1.0,-0.135
B baseline,1.004,-0.14
B baseline,1.008,-0.14
B baseline,1.012,-0.135
B baseline,1.016,-0.135
B baseline,1.02,-0.14
B baseline,1.024,-0.145
B baseline,1.028,-0.145
B baseline,1.032,-0.14
B baseline,1.036,-0.135
B baseline,1.04,-0.13
B baseline,1.044,-0.125
B baseline,1.048,-0.125
B baseline,1.052,-0.125
B baseline,1.056,-0.13
B baseline,1.06,-0.145
B baseline,1.064,-0.135
B baseline,1.068,-0.135
B baseline,1.072,-0.145
B baseline,1.076,-0.155
B baseline,1.08,-0.16
B baseline,1.084,-0.165
B baseline,1.088,-0.17
B baseline,1.092,-0.17
B baseline,1.096,-0.16
B baseline,1.1,-0.15
B baseline,1.104,-0.14
B baseline,1.108,-0.13
B baseline,1.112,-0.115
B baseline,1.116,-0.1
B baseline,1.12,-0.095
B baseline,1.124,-0.09
B baseline,1.128,-0.085
B baseline,1.132,-0.075
B baseline,1.136,-0.06
B baseline,1.14,-0.05
B baseline,1.144,-0.035
B baseline,1.148,-0.035
B baseline,1.152,-0.04
B baseline,1.156,-0.045
B baseline,1.16,-0.05
B baseline,1.164,-0.06
B baseline,1.168,-0.075
B baseline,1.172,-0.105
B baseline,1.176,-0.135
B baseline,1.18,-0.16
B baseline,1.184,-0.185
B baseline,1.188,-0.2
B baseline,1.192,-0.21
B baseline,1.196,-0.215
B HR-related,-0.8,-0.085
B HR-related,-0.796,-0.08
B HR-related,-0.792,-0.075
B HR-related,-0.788,-0.055
B HR-related,-0.784,-0.035
B HR-related,-0.78,-0.035
B HR-related,-0.776,-0.04
B HR-related,-0.772,-0.02
B HR-related,-0.768,-0.005
B HR-related,-0.764,-0.01
B HR-related,-0.76,-0.015
B HR-related,-0.756,-0.015
B HR-related,-0.752,-0.015
B HR-related,-0.748,-0.03
B HR-related,-0.744,-0.04
B HR-related,-0.74,-0.025
B HR-related,-0.736,-0.02
B HR-related,-0.732,-0.04
B HR-related,-0.728,-0.05
B HR-related,-0.724,-0.035
B HR-related,-0.72,-0.02
B HR-related,-0.716,-0.015
B HR-related,-0.712,-0.015
B HR-related,-0.708,-0.015
B HR-related,-0.704,-0.005
B HR-related,-0.7,0.01
B HR-related,-0.696,0.025
B HR-related,-0.692,0.025
B HR-related,-0.688,0.025
B HR-related,-0.684,0.03
B HR-related,-0.68,0.04
B HR-related,-0.676,0.05
B HR-related,-0.672,0.045
B HR-related,-0.668,0.03
B HR-related,-0.664,0.025
B HR-related,-0.66,0.025
B HR-related,-0.656,0.01
B HR-related,-0.652,0.0
B HR-related,-0.648,-0.045
B HR-related,-0.644,-0.1
B HR-related,-0.64,-0.115
B HR-related,-0.636,-0.12
B HR-related,-0.632,-0.135
B HR-related,-0.628,-0.15
B HR-related,-0.624,-0.155
B HR-related,-0.62,-0.16
B HR-related,-0.616,-0.165
B HR-related,-0.612,-0.165
B HR-related,-0.608,-0.18
B HR-related,-0.604,-0.19
B HR-related,-0.6,-0.18
B HR-related,-0.596,-0.17
B HR-related,-0.592,-0.165
B HR-related,-0.588,-0.165
B HR-related,-0.584,-0.17
B HR-related,-0.58,-0.18
B HR-related,-0.576,-0.22
B HR-related,-0.572,-0.25
B HR-related,-0.568,-0.24
B HR-related,-0.564,-0.145
B HR-related,-0.56,0.17
B HR-related,-0.556,0.545
B HR-related,-0.552,1.04
B HR-related,-0.548,1.41
B HR-related,-0.544,1.555
B HR-related,-0.54,1.635
B HR-related,-0.536,1.615
B HR-related,-0.532,1.34
B HR-related,-0.528,0.785
B HR-related,-0.524,0.29
B HR-related,-0.52,-0.135
B HR-related,-0.516,-0.325
B HR-related,-0.512,-0.325
B HR-related,-0.508,-0.325
B HR-related,-0.504,-0.325
B HR-related,-0.5,-0.33
B HR-related,-0.496,-0.34
B HR-related,-0.492,-0.33
B HR-related,-0.488,-0.315
B HR-related,-0.484,-0.31
B HR-related,-0.48,-0.305
B HR-related,-0.476,-0.315
B HR-related,-0.472,-0.33
B HR-related,-0.468,-0.315
B HR-related,-0.464,-0.295
B HR-related,-0.46,-0.295
B HR-related,-0.456,-0.295
B HR-related,-0.452,-0.295
B HR-related,-0.448,-0.295
B HR-related,-0.444,-0.28
B HR-related,-0.44,-0.27
B HR-related,-0.436,-0.25
B HR-related,-0.432,-0.235
B HR-related,-0.428,-0.245
B HR-related,-0.424,-0.25
B HR-related,-0.42,-0.24
B HR-related,-0.416,-0.23
B HR-related,-0.412,-0.21
B HR-related,-0.408,-0.19
B HR-related,-0.404,-0.175
B HR-related,-0.4,-0.16
B HR-related,-0.396,-0.155
B HR-related,-0.392,-0.15
B HR-related,-0.388,-0.13
B HR-related,-0.384,-0.12
B HR-related,-0.38,-0.115
B HR-related,-0.376,-0.105
B HR-related,-0.372,-0.09
B HR-related,-0.368,-0.07
B HR-related,-0.364,-0.04
B HR-related,-0.36,-0.025
B HR-related,-0.356,-0.03
B HR-related,-0.352,-0.025
B HR-related,-0.348,-0.01
B HR-related,-0.344,-0.005
B HR-related,-0.34,-0.01
B HR-related,-0.336,0.0
B HR-related,-0.332,0.015
B HR-related,-0.328,0.025
B HR-related,-0.324,0.025
B HR-related,-0.32,0.025
B HR-related,-0.316,0.03
B HR-related,-0.312,0.02
B HR-related,-0.308,0.005
B HR-related,-0.304,0.0
B HR-related,-0.3,0.0
B HR-related,-0.296,-0.035
B HR-related,-0.292,-0.07
B HR-related,-0.288,-0.08
B HR-related,-0.284,-0.09
B HR-related,-0.28,-0.095
B HR-related,-0.276,-0.105
B HR-related,-0.272,-0.11
B HR-related,-0.268,-0.11
B HR-related,-0.264,-0.105
B HR-related,-0.26,-0.1
B HR-related,-0.256,-0.095
B HR-related,-0.252,-0.09
B HR-related,-0.248,-0.065
B HR-related,-0.244,-0.045
B HR-related,-0.24,-0.045
B HR-related,-0.236,-0.045
B HR-related,-0.232,-0.05
B HR-related,-0.228,-0.05
B HR-related,-0.224,-0.04
B HR-related,-0.22,-0.03
B HR-related,-0.216,-0.025
B HR-related,-0.212,-0.03
B HR-related,-0.208,-0.045
B HR-related,-0.204,-0.055
B HR-related,-0.2,-0.055
B HR-related,-0.196,-0.055
B HR-related,-0.192,-0.06
B HR-related,-0.188,-0.055
B HR-related,-0.184,-0.045
B HR-related,-0.18,-0.035
B HR-related,-0.176,-0.025
B HR-related,-0.172,-0.025
B HR-related,-0.168,-0.025
B HR-related,-0.164,-0.025
B HR-related,-0.16,-0.025
B HR-related,-0.156,0.0
B HR-related,-0.152,0.025
B HR-related,-0.148,0.04
B HR-related,-0.144,0.05
B HR-related,-0.14,0.045
B HR-related,-0.136,0.035
B HR-related,-0.132,0.025
B HR-related,-0.128,0.015
B HR-related,-0.124,0.005
B HR-related,-0.12,0.0
B HR-related,-0.116,-0.015
B HR-related,-0.112,-0.035
B HR-related,-0.108,-0.08
B HR-related,-0.104,-0.125
B HR-related,-0.1,-0.135
B HR-related,-0.096,-0.145
B HR-related,-0.092,-0.155
B HR-related,-0.088,-0.165
B HR-related,-0.084,-0.17
B HR-related,-0.08,-0.175
B HR-related,-0.076,-0.185
B HR-related,-0.072,-0.19
B HR-related,-0.068,-0.185
B HR-related,-0.064,-0.185
B HR-related,-0.06,-0.19
B HR-related,-0.056,-0.185
B HR-related,-0.052,-0.17
B HR-related,-0.048,-0.17
B HR-related,-0.044,-0.19
B HR-related,-0.04,-0.23
B HR-related,-0.036,-0.295
B HR-related,-0.032,-0.31
B HR-related,-0.028,-0.265
B HR-related,-0.024,-0.045
B HR-related,-0.02,0.335
B HR-related,-0.016,0.765
B HR-related,-0.012,1.24
B HR-related,-0.008,1.485
B HR-related,-0.004,1.585
B HR-related,0.0,1.58
B HR-related,0.004,1.51
B HR-related,0.008,0.97
B HR-related,0.012,0.23
B HR-related,0.016,-0.135
B HR-related,0.02,-0.375
B HR-related,0.024,-0.395
B HR-related,0.028,-0.36
B HR-related,0.032,-0.345
B HR-related,0.036,-0.335
B HR-related,0.04,-0.32
B HR-related,0.044,-0.305
B HR-related,0.048,-0.315
B HR-related,0.052,-0.33
B HR-related,0.056,-0.31
B HR-related,0.06,-0.295
B HR-related,0.064,-0.295
B HR-related,0.068,-0.29
B HR-related,0.072,-0.28
B HR-related,0.076,-0.275
B HR-related,0.08,-0.285
B HR-related,0.084,-0.29
B HR-related,0.088,-0.275
B HR-related,0.092,-0.265
B HR-related,0.096,-0.265
B HR-related,0.1,-0.26
B HR-related,0.104,-0.25
B HR-related,0.108,-0.24
B HR-related,0.112,-0.22
B HR-related,0.116,-0.215
B HR-related,0.12,-0.22
B HR-related,0.124,-0.22
B HR-related,0.128,-0.21
B HR-related,0.132,-0.195
B HR-related,0.136,-0.175
B HR-related,0.14,-0.165
B HR-related,0.144,-0.17
B HR-related,0.148,-0.165
B HR-related,0.152,-0.15
B HR-related,0.156,-0.125
B HR-related,0.16,-0.1
B HR-related,0.164,-0.075
B HR-related,0.168,-0.04
B HR-related,0.172,-0.035
B HR-related,0.176,-0.04
B HR-related,0.18,-0.045
B HR-related,0.184,-0.045
B HR-related,0.188,-0.035
B HR-related,0.192,-0.025
B HR-related,0.196,-0.02
B HR-related,0.2,-0.015
B HR-related,0.204,-0.005
B HR-related,0.208,0.0
B HR-related,0.212,0.015
B HR-related,0.216,0.03
B HR-related,0.22,0.035
B HR-related,0.224,0.04
B HR-related,0.228,0.02
B HR-related,0.232,0.0
B HR-related,0.236,-0.01
B HR-related,0.24,-0.025
B HR-related,0.244,-0.05
B HR-related,0.248,-0.075
B HR-related,0.252,-0.08
B HR-related,0.256,-0.085
B HR-related,0.26,-0.095
B HR-related,0.264,-0.105
B HR-related,0.268,-0.105
B HR-related,0.272,-0.095
B HR-related,0.276,-0.075
B HR-related,0.28,-0.065
B HR-related,0.284,-0.065
B HR-related,0.288,-0.065
B HR-related,0.292,-0.065
B HR-related,0.296,-0.05
B HR-related,0.3,-0.025
B HR-related,0.304,-0.015
B HR-related,0.308,-0.03
B HR-related,0.312,-0.035
B HR-related,0.316,-0.04
B HR-related,0.32,-0.045
B HR-related,0.324,-0.045
B HR-related,0.328,-0.035
B HR-related,0.332,-0.025
B HR-related,0.336,-0.03
B HR-related,0.34,-0.04
B HR-related,0.344,-0.045
B HR-related,0.348,-0.045
B HR-related,0.352,-0.03
B HR-related,0.356,-0.015
B HR-related,0.36,-0.01
B HR-related,0.364,-0.005
B HR-related,0.368,-0.01
B HR-related,0.372,-0.02
B HR-related,0.376,0.0
B HR-related,0.38,0.02
B HR-related,0.384,0.03
B HR-related,0.388,0.045
B HR-related,0.392,0.03
B HR-related,0.396,0.025
B HR-related,0.4,0.035
B HR-related,0.404,0.04
B HR-related,0.408,0.015
B HR-related,0.412,-0.005
B HR-related,0.416,-0.03
B HR-related,0.42,-0.055
B HR-related,0.424,-0.085
B HR-related,0.428,-0.105
B HR-related,0.432,-0.12
B HR-related,0.436,-0.14
B HR-related,0.44,-0.165
B HR-related,0.444,-0.185
B HR-related,0.448,-0.19
B HR-related,0.452,-0.195
B HR-related,0.456,-0.195
B HR-related,0.46,-0.195
B HR-related,0.464,-0.195
B HR-related,0.468,-0.19
B HR-related,0.472,-0.185
B HR-related,0.476,-0.18
B HR-related,0.48,-0.175
B HR-related,0.484,-0.175
B HR-related,0.488,-0.18
B HR-related,0.492,-0.21
B HR-related,0.496,-0.255
B HR-related,0.5,-0.275
B HR-related,0.504,-0.275
B HR-related,0.508,-0.02
B HR-related,0.512,0.335
B HR-related,0.516,0.805
B HR-related,0.52,1.31
B HR-related,0.524,1.505
B HR-related,0.528,1.625
B HR-related,0.532,1.605
B HR-related,0.536,1.56
B HR-related,0.54,0.93
B HR-related,0.544,0.235
B HR-related,0.548,-0.08
B HR-related,0.552,-0.38
B HR-related,0.556,-0.395
B HR-related,0.56,-0.4
B HR-related,0.564,-0.375
B HR-related,0.568,-0.35
B HR-related,0.572,-0.33
B HR-related,0.576,-0.315
B HR-related,0.58,-0.32
B HR-related,0.584,-0.325
B HR-related,0.588,-0.335
B HR-related,0.592,-0.345
B HR-related,0.596,-0.345
B HR-related,0.6,-0.34
B HR-related,0.604,-0.33
B HR-related,0.608,-0.32
B HR-related,0.612,-0.31
B HR-related,0.616,-0.305
B HR-related,0.62,-0.31
B HR-related,0.624,-0.315
B HR-related,0.628,-0.315
B HR-related,0.632,-0.305
B HR-related,0.636,-0.29
B HR-related,0.64,-0.275
B HR-related,0.644,-0.265
B HR-related,0.648,-0.26
B HR-related,0.652,-0.255
B HR-related,0.656,-0.25
B HR-related,0.66,-0.245
B HR-related,0.664,-0.24
B HR-related,0.668,-0.235
B HR-related,0.672,-0.215
B HR-related,0.676,-0.19
B HR-related,0.68,-0.165
B HR-related,0.684,-0.145
B HR-related,0.688,-0.14
B HR-related,0.692,-0.135
B HR-related,0.696,-0.125
B HR-related,0.7,-0.115
B HR-related,0.704,-0.095
B HR-related,0.708,-0.075
B HR-related,0.712,-0.055
B HR-related,0.716,-0.035
B HR-related,0.72,-0.045
B HR-related,0.724,-0.06
B HR-related,0.728,-0.05
B HR-related,0.732,-0.04
B HR-related,0.736,-0.025
B HR-related,0.74,-0.01
B HR-related,0.744,0.0
B HR-related,0.748,0.01
B HR-related,0.752,0.0
B HR-related,0.756,-0.015
B HR-related,0.76,-0.02
B HR-related,0.764,-0.025
B HR-related,0.768,-0.04
B HR-related,0.772,-0.06
B HR-related,0.776,-0.085
B HR-related,0.78,-0.105
B HR-related,0.784,-0.105
B HR-related,0.788,-0.115
B HR-related,0.792,-0.14
B HR-related,0.796,-0.145
B HR-related,0.8,-0.13
B HR-related,0.804,-0.125
B HR-related,0.808,-0.125
B HR-related,0.812,-0.115
B HR-related,0.816,-0.105
B HR-related,0.82,-0.1
B HR-related,0.824,-0.095
B HR-related,0.828,-0.095
B HR-related,0.832,-0.095
B HR-related,0.836,-0.07
B HR-related,0.84,-0.04
B HR-related,0.844,-0.045
B HR-related,0.848,-0.06
B HR-related,0.852,-0.065
B HR-related,0.856,-0.065
B HR-related,0.86,-0.065
B HR-related,0.864,-0.07
B HR-related,0.868,-0.08
B HR-related,0.872,-0.09
B HR-related,0.876,-0.08
B HR-related,0.88,-0.065
B HR-related,0.884,-0.055
B HR-related,0.888,-0.045
B HR-related,0.892,-0.045
B HR-related,0.896,-0.045
B HR-related,0.9,-0.055
B HR-related,0.904,-0.06
B HR-related,0.908,-0.025
B HR-related,0.912,0.005
B HR-related,0.916,0.015
B HR-related,0.92,0.02
B HR-related,0.924,0.015
B HR-related,0.928,0.01
B HR-related,0.932,0.005
B HR-related,0.936,0.0
B HR-related,0.94,-0.01
B HR-related,0.944,-0.02
B HR-related,0.948,-0.015
B HR-related,0.952,-0.03
B HR-related,0.956,-0.085
B HR-related,0.96,-0.12
B HR-related,0.964,-0.135
B HR-related,0.968,-0.155
B HR-related,0.972,-0.19
B HR-related,0.976,-0.2
B HR-related,0.98,-0.195
B HR-related,0.984,-0.195
B HR-related,0.988,-0.195
B HR-related,0.992,-0.195
B HR-related,0.996,-0.195
B HR-related,1.0,-0.195
B HR-related,1.004,-0.2
B HR-related,1.008,-0.205
B HR-related,1.012,-0.21
B HR-related,1.016,-0.21
B HR-related,1.02,-0.205
B HR-related,1.024,-0.22
B HR-related,1.028,-0.24
B HR-related,1.032,-0.275
B HR-related,1.036,-0.31
B HR-related,1.04,-0.055
B HR-related,1.044,0.225
B HR-related,1.048,0.745
B HR-related,1.052,1.285
B HR-related,1.056,1.465
B HR-related,1.06,1.63
B HR-related,1.064,1.615
B HR-related,1.068,1.56
B HR-related,1.072,1.0
B HR-related,1.076,0.46
B HR-related,1.08,0.025
B HR-related,1.084,-0.335
B HR-related,1.088,-0.345
B HR-related,1.092,-0.35
B HR-related,1.096,-0.345
B HR-related,1.1,-0.34
B HR-related,1.104,-0.33
B HR-related,1.108,-0.325
B HR-related,1.112,-0.33
B HR-related,1.116,-0.335
B HR-related,1.12,-0.34
B HR-related,1.124,-0.34
B HR-related,1.128,-0.335
B HR-related,1.132,-0.33
B HR-related,1.136,-0.32
B HR-related,1.14,-0.31
B HR-related,1.144,-0.305
B HR-related,1.148,-0.295
B HR-related,1.152,-0.285
B HR-related,1.156,-0.285
B HR-related,1.16,-0.29
B HR-related,1.164,-0.285
B HR-related,1.168,-0.265
B HR-related,1.172,-0.26
B HR-related,1.176,-0.255
B HR-related,1.18,-0.245
B HR-related,1.184,-0.235
B HR-related,1.188,-0.235
B HR-related,1.192,-0.235
B HR-related,1.196,-0.215
